{
    "channels": [
        {
            "name": "Signal_region",
            "samples": [
                {
                    "data": [
                        1.5355394044343638,
                        5.499767555532158,
                        16.146264996640852,
                        11.755890547514696,
                        3.0099178827052895,
                        1.1724078418929993,
                        0.9227901124986501,
                        0.8599567939536888,
                        1.2601272722583876,
                        1.4675701365243252,
                        1.7402656860822268,
                        1.8508242856406139,
                        2.0217424177910366,
                        2.041580279176619,
                        1.85996699295258,
                        1.9867890388391154,
                        2.087972032459521,
                        1.9317493266600696,
                        1.8548820493730453,
                        1.8270974852210995,
                        1.7223516072290144,
                        1.790648308762757,
                        1.8168540528916026,
                        1.9850648083786833
                    ],
                    "modifiers": [
                        {
                            "data": [
                                0.052534732801315404,
                                0.0982710654933193,
                                0.1706333314188811,
                                0.15124423833723494,
                                0.07396423423818063,
                                0.050279633942569756,
                                0.0406812293112897,
                                0.04124240591802765,
                                0.048190932674384075,
                                0.0528526360670169,
                                0.05680134701998767,
                                0.06426822336958866,
                                0.06952598586946698,
                                0.060662691276708446,
                                0.0703392300325713,
                                0.06154218602865096,
                                0.06319768815676201,
                                0.06103985167841241,
                                0.06039286075465635,
                                0.07300897712222308,
                                0.05845178363165347,
                                0.05834747003677079,
                                0.05927550133107931,
                                0.06334462808544117
                            ],
                            "name": "staterror_Signal_region",
                            "type": "staterror"
                        }
                    ],
                    "name": "ZZ"
                },
                {
                    "data": [
                        0.0031892588259310084,
                        0.0039416658543405805,
                        0.005999925745818044,
                        0.008928913817183153,
                        0.012962819411030361,
                        0.019049014284879404,
                        0.027803884879232896,
                        0.05078874199230491,
                        0.10480759901632097,
                        0.32086177017987944,
                        1.2257607664646766,
                        3.963917010560541,
                        2.360267634193192,
                        0.172531298915305,
                        0.011613273624162986,
                        0.0016444578046208142,
                        0.00047838359266962733,
                        0.00024161601475619564,
                        9.702469455523064e-05,
                        0.0,
                        0.00022323729478557268,
                        4.0169231817536536e-05,
                        0.0,
                        1.4741272062682082e-05
                    ],
                    "modifiers": [
                        {
                            "data": [
                                0.0004195080424833211,
                                0.00046534480474392197,
                                0.0005915163958396938,
                                0.00071782611729151,
                                0.0008591665537155027,
                                0.001042633215787728,
                                0.001250576021877365,
                                0.0017027658415444985,
                                0.0024496799196596715,
                                0.004316583335089828,
                                0.008393289861476324,
                                0.01522424813985034,
                                0.011734958226939077,
                                0.0031606946830991015,
                                0.0008247320003757554,
                                0.00029930839969017443,
                                0.00015850151175462088,
                                0.00011208873724788144,
                                8.724857899510211e-05,
                                0.0,
                                0.00011156915949212769,
                                3.500695473803742e-05,
                                0.0,
                                8.591069906165217e-06
                            ],
                            "name": "staterror_Signal_region",
                            "type": "staterror"
                        },
                        {
                            "data": null,
                            "name": "Signal_norm",
                            "type": "normfactor"
                        }
                    ],
                    "name": "Higgs"
                },
                {
                    "data": [
                        0.0,
                        0.0,
                        0.0,
                        0.0,
                        0.0,
                        0.0,
                        0.5465610050247997,
                        0.0,
                        -0.31950577190637475,
                        0.23937763750219612,
                        1.1212244078393443,
                        0.9081752847885558,
                        0.4711785478150886,
                        0.30680010615268627,
                        0.0,
                        0.40150103272601406,
                        0.5668822067371873,
                        0.3599189209058028,
                        0.3637209688020915,
                        0.6416231318878376,
                        0.38388419346773894,
                        0.0,
                        0.0,
                        0.026161989406001396
                    ],